{"naive": {"time": [0.3076813099960418, 0.3989121099948534, 1.0535211800015531, 4.24730248000742, 20.108715509995818, 80.88209387999996, 313.40668212999844], "memory": [10.125, 14.125, 28.125, 80.125, 280.125, 1064.125, 4168.125]}, "flash": {"time": [1.5127259099972434, 2.5029655499929504, 6.089768020001429, 23.57606749000297, 92.86293699999987, 326.4435570400019, 1255.3642302800017], "memory": [9.125, 10.125, 12.125, 16.125, 24.125, 40.125, 72.125]}, "flash_v2": {"time": [0.4506765600035578, 0.9063865900043311, 3.8466680600049585, 15.348176699999385, 57.80577321000237, 216.65358764999837, 877.7453800800049], "memory": [9.125, 10.125, 12.125, 16.125, 24.125, 40.125, 72.125]}, "pytorch": {"time": [0.23095659999853524, 0.29696471000534075, 1.131265619997066, 4.983212390006884, 19.996244750000187, 81.02552187000583, 332.18460996999056], "memory": [11.3759765625, 19.12646484375, 48.12744140625, 160.12939453125, 600.13330078125, 2344.14111328125, 9288.15673828125]}}