{"naive": {"time": [0.6098292099977698, 0.4206782799974462, 0.7312871900012397, 2.5842543199996726, 12.050250980000783, 50.71545518000676, 269.44591249999576], "memory": [1.5, 13.125, 26.125, 76.125, 272.125, 1048.125, 4136.125]}, "flash": {"time": [0.7168661399919074, 0.8203297899945028, 2.3370159499972942, 6.403217870001754, 28.160568350003814, 110.74546437999743, 411.870798330001], "memory": [0.5, 9.125, 10.125, 12.125, 16.125, 24.125, 40.125]}, "flash_v2": {"time": [0.4359316099998978, 0.5501793199982785, 2.4481950900008087, 10.002126629997292, 37.88815902000351, 156.49827092999658, 631.8316023100033], "memory": [0.5, 9.125, 10.125, 12.125, 16.125, 24.125, 40.125]}, "pytorch": {"time": [0.3148711799985904, 0.3291944299962779, 0.7266324699958204, 2.9715780500009714, 12.413070100001278, 60.71367425000062, 260.585847479997], "memory": [10.8759765625, 18.12646484375, 46.12744140625, 156.12939453125, 592.13330078125, 2328.14111328125, 9256.15673828125]}}